"Title","Grid Reference","X (Easting)","Y (Northing)","Latitude","Longitude","Postcode","Address (near)"
"AB25 1NE","NJ 93629 06305","393629","806305","57.147586","-2.1069257","",""
"AB11 6BH","NJ 94072 06143","394072","806143","57.146136","-2.0996005","",""
"NP7 5RY","SO 29862 14266","329862","214266","51.822595","-3.0190358","",""
"OX14 3QT","SU 49664 97178","449664","197178","51.671187","-1.283233","",""
"ML6 6AF","NS 76148 65466","276148","665466","55.866404","-3.9806704","",""
"SK9 7DY","SJ 84372 78263","384372","378263","53.301084","-2.2359589","",""
"NE66 1JG","NU 18593 13432","418593","613432","55.41446","-1.7078663","",""
"GU34 1AW","SU 71780 39348","471780","139348","51.148901","-0.9751596","",""
"WA14 1BA","SJ 76932 87825","376932","387825","53.386758","-2.3482943","",""
"HP6 5EQ","SU 96426 98583","496426","198583","51.677747","-0.6068077","",""
"SP10 1NX","SU 36497 45416","436497","145416","51.206793","-1.4789439","",""
"DD11 1DP","NO 64377 40928","364377","740928","56.558962","-2.5811614","",""
"NG5 7EG","SK 58692 45669","458692","345669","53.005129","-1.1268027","",""
"BN18 9AB","TQ 01917 07254","501917","107254","50.85583","-0.55342492","",""
"DE6 1EU","SK 18031 46758","418031","346758","53.017822","-1.7326698","",""
"LE65 1AN","SK 35818 16733","435818","316733","52.747037","-1.4708309","",""
"TN24 8TD","TR 01167 42820","601167","142820","51.149277","0.87489932","",""
"TW15 2UF","TQ 06743 71721","506743","171721","51.434443","-0.46579493","",""
"OL6 7JS","SJ 93885 99099","393885","399099","53.488566","-2.0936281","",""
"HP20 1SF","SP 82106 13805","482106","213805","51.816852","-0.81027422","",""
"KA7 1PR","NS 33839 21892","233839","621892","55.462571","-4.6296665","",""
"DE45 1EE","SK 21803 68389","421803","368389","53.21212","-1.6749814","",""
"SW12 9BW","TQ 28491 73347","528491","173347","51.444546","-0.1525006","",""
"OX16 5LW","SP 45555 40629","445555","240629","52.062172","-1.3369297","",""
"AB31 5SS","NO 69539 95672","369539","795672","57.0511","-2.5037399","",""
"LL57 1NY","SH 58137 72007","258137","372007","53.226107","-4.126527","",""
"SM7 2NH","TQ 25308 59681","525308","159681","51.32244","-0.20309395","",""
"IG6 2AA","TQ 44238 89835","544238","189835","51.588912","0.080677009","",""
"EN5 5UR","TQ 24490 96571","524490","196571","51.654153","-0.20183062","",""
"S70 1SL","SE 34457 06275","434457","406275","53.551981","-1.4813893","",""
"EX31 1DJ","SS 55672 33388","255672","133388","51.081607","-4.0618719","",""
"LA14 2PD","SD 19363 69398","319363","469398","54.114108","-3.2350324","",""
"SS14 1HH","TQ 70614 88573","570614","188573","51.570213","0.46045269","",""
"BA1 1EP","ST 74909 64777","374909","164777","51.381482","-2.3619188","",""
"HP9 1QW","SU 93916 90939","493916","190939","51.609462","-0.64514759","",""
"BR3 1EA","TQ 37310 69483","537310","169483","51.407756","-0.027176208","",""
"MK40 1NN","TL 05014 49958","505014","249958","52.137949","-0.46700568","",""
"NG9 2JP","SK 52908 36949","452908","336949","52.927351","-1.2144101","",""
"ML4 1AH","NS 73242 60262","273242","660262","55.81892","-4.0246434","",""
"HP4 1BE","SP 98991 07940","498991","207940","51.761405","-0.56706698","",""
"HU17 9BN","TA 03485 39519","503485","439519","53.841619","-0.42870439","",""
"TN40 1DX","TQ 74159 07456","574159","107456","50.840423","0.47221109","",""
"DA6 7DQ","TQ 49082 75289","549082","175289","51.456955","0.14439854","",""
"EX39 2AA","SS 45337 26601","245337","126601","51.017928","-4.2064046","",""
"SG18 0JL","TL 18978 44578","518978","244578","52.086775","-0.26494443","",""
"CM12 9AH","TQ 67330 94448","567330","194448","51.623974","0.41591232","",""
"WV14 0AX","SO 94915 96390","394915","296390","52.565314","-2.0764491","",""
"CT7 9RA","TR 30026 69270","630026","169270","51.375857","1.3038348","",""
"CH41 2XX","SJ 32024 88562","332024","388562","53.389502","-3.0235707","",""
"B23 6SS","SP 10825 91663","410825","291663","52.522739","-1.8418872","",""
"B17 9NS","SP 03810 84719","403810","284719","52.460406","-1.945354","",""
"BB2 1JU","SD 68106 28120","368106","428120","53.748468","-2.4851189","",""
"BB2 3PX","SD 68308 27465","368308","427465","53.742593","-2.4819885","",""
"SE3 0TA","TQ 39628 76123","539628","176123","51.466858","0.0087458051","",""
"FY1 1LL","SD 30842 36490","330842","436490","53.820065","-3.0519931","",""
"PH10 6AB","NO 17929 45313","317929","745313","56.592517","-3.3380536","",""
"PO21 1SG","SZ 93730 99079","493730","099079","50.78372","-0.67178989","",""
"BL1 1NB","SD 71641 09022","371641","409022","53.577022","-2.4297652","",""
"WD6 1EF","TQ 19551 96746","519551","196746","51.656796","-0.27313098","",""
"PE10 9EG","TF 09621 20281","509621","320281","52.769008","-0.37664451","",""
"BD1 1SW","SE 16293 33104","416293","433104","53.793995","-1.7541476","",""
"CM7 1UG","TL 75663 23162","575663","223162","51.879352","0.55066373","",""
"SK7 1AL","SJ 89049 84560","389049","384560","53.357803","-2.1660008","",""
"CM14 4RR","TQ 59363 93775","559363","193775","51.620238","0.3006147","",""
"CF31 1DQ","SS 90578 79725","290578","179725","51.505829","-3.5779884","",""
"WV16 4EG","SO 71681 93072","371681","293072","52.534769","-2.418922","",""
"BS16 3UW","ST 63281 75802","363281","175802","51.479974","-2.5301409","",""
"BS7 8AL","ST 58957 74947","358957","174947","51.471989","-2.592303","",""
"BS8 1QP","ST 57882 73257","357882","173257","51.456715","-2.6075774","",""
"BS4 5NG","ST 62278 70175","362278","170175","51.429315","-2.5439813","",""
"CT10 1LH","TR 39662 67815","639662","167815","51.358816","1.4410507","",""
"BR1 1HG","TQ 40245 69114","540245","169114","51.403723","0.014849068","",""
"DD5 2AH","NO 46224 30880","346224","730880","56.46697","-2.8743815","",""
"WS8 6HH","SK 04669 05468","404669","305468","52.646929","-1.9324268","",""
"NG6 8EW","SK 54045 45224","454045","345224","53.001617","-1.1961203","",""
"RH15 9AE","TQ 31474 18978","531474","118978","50.955244","-0.129499","",""
"DE14 1AU","SK 24904 22910","424904","322910","52.803175","-1.6320389","",""
"BL9 0NB","SD 80612 10937","380612","410937","53.594644","-2.2944024","",""
"IP33 1UN","TL 85408 64224","585408","264224","52.244961","0.71435171","",""
"IP33 1BE","TL 85231 64203","585231","264203","52.244832","0.71175074","",""
"SK17 6BJ","SK 06023 73605","406023","373605","53.259415","-1.9111721","",""
"FK17 8BD","NN 62869 07872","262869","707872","56.243527","-4.2144156","",""
"GU15 3RS","SU 87544 60637","487544","160637","51.338092","-0.74463975","",""
"SE5 8RW","TQ 32581 76665","532581","176665","51.473422","-0.092440244","",""
"CB1 1DJ","TL 45839 58538","545839","258538","52.205776","0.13280817","",""
"CB2 1DP","TL 45418 57902","545418","257902","52.200174","0.12637898","",""
"NW1 7JL","TQ 29069 83562","529069","183562","51.536215","-0.14045676","",""
"CT1 2HJ","TR 15182 57731","615182","157731","51.278068","1.0839238","",""
"CF11 9ND","ST 16770 76530","316770","176530","51.481578","-3.1999521","",""
"CF14 1DG","ST 15434 80018","315434","180018","51.512735","-3.2200237","",""
"CA3 8HJ","NY 40197 55869","340197","555869","54.893961","-2.9339386","",""
"SA31 3BN","SN 41068 20004","241068","220004","51.855932","-4.3091716","",""
"SM5 3AG","TQ 28109 64506","528109","164506","51.365179","-0.16118408","",""
"WF10 1AH","SE 42858 25746","442858","425746","53.726362","-1.3519198","",""
"CR3 6QB","TQ 34136 55563","534136","155563","51.283421","-0.078024196","",""
"DL9 3JG","SE 18102 98059","418102","498059","54.377714","-1.7228272","",""
"SK8 1AE","SJ 85721 88668","385721","388668","53.394648","-2.2161905","",""
"ST10 1AA","SK 00908 43400","400908","343400","52.987935","-1.9879226","",""
"SM3 8AY","TQ 24291 63639","524291","163639","51.358235","-0.21630094","",""
"CM2 0LR","TL 70941 06520","570941","206520","51.73133","0.47393111","",""
"SW10 0LR","TQ 26615 77541","526615","177541","51.48266","-0.17797947","",""
"HP5 1EP","SP 95935 01618","495935","201618","51.705111","-0.6130732","",""
"CH1 1HD","SJ 40815 66395","340815","366395","53.191333","-2.8872667","",""
"CH1 2LA","SJ 40394 66260","340394","366260","53.190073","-2.8935416","",""
"PO19 1DS","SU 86057 04639","486057","104639","50.834895","-0.77930332","",""
"E4 6SJ","TQ 37366 92876","537366","192876","51.617954","-0.017264583","",""
"W4 5TF","TQ 20512 78524","520512","178524","51.492826","-0.26549058","",""
"PR7 1BN","SD 58368 17548","358368","417548","53.652762","-2.6313527","",""
"PR7 1BU","SD 58484 17533","358484","417533","53.652637","-2.6295958","",""
"GL7 1QD","SP 02168 01945","402168","201945","51.71623","-1.9700187","",""
"CO15 1QT","TM 17421 14697","617421","214697","51.788657","1.1511226","",""
"SW11 1QY","TQ 27441 75159","527441","175159","51.461068","-0.16694882","",""
"BS21 6NH","ST 40811 71116","340811","171116","51.435935","-2.8528893","",""
"FY5 1AJ","SD 31617 42859","331617","442859","53.877402","-3.0416434","",""
"G81 1EA","NS 49744 70257","249744","670257","55.901903","-4.4048728","",""
"ML5 3AE","NS 73217 65092","273217","665092","55.862283","-4.0272988","",""
"KT11 3EB","TQ 10848 59921","510848","159921","51.327596","-0.41044314","",""
"BS4 5NG","ST 62278 70175","362278","170175","51.429315","-2.5439813","",""
"NR31 0LZ","TG 51419 06470","651419","306470","52.597805","1.711086","",""
"GL16 8AW","SO 57463 10707","357463","210707","51.793387","-2.6181683","",""
"LL29 7HS","SH 84925 78997","284925","378997","53.295394","-3.7280035","",""
"CW12 1AS","SJ 85806 62962","385806","362962","53.163587","-2.2137549","",""
"NN17 1RA","SP 88276 88650","488276","288650","52.488634","-0.70136132","",""
"CV3 2SB","SP 38633 77955","438633","277955","52.398254","-1.4336388","",""
"CF71 7AH","SS 99342 74681","299342","174681","51.462122","-3.4503191","",""
"DA1 4FY","TQ 51441 74670","551441","174670","51.450768","0.1780615","",""
"PH7 3HU","NN 86446 21564","286446","721564","56.372697","-3.8401106","",""
"NR27 9HL","TG 21777 42191","621777","342191","52.931287","1.2983781","",""
"N8 8DU","TQ 30080 88340","530080","188340","51.578921","-0.12412246","",""
"SE19 1RX","TQ 33506 70705","533506","170705","51.419645","-0.081376148","",""
"NP44 1PR","ST 29421 95612","329421","195612","51.654847","-3.0216431","",""
"EH22 1HR","NT 33079 67216","333079","667216","55.893402","-3.0716272","",""
"DL3 7LU","NZ 28787 14491","428787","514491","54.524894","-1.5567457","",""
"TQ6 9PZ","SX 87753 51411","287753","051411","50.35188","-3.5791168","",""
"DE1 2DS","SK 35350 36189","435350","336189","52.921959","-1.4756627","",""
"DE24 9AA","SK 36908 32748","436908","332748","52.890924","-1.4528804","",""
"DE24 0JG","SK 38606 33369","438606","333369","52.896387","-1.4275708","",""
"OX11 8RN","SU 52491 90018","452491","190018","51.606559","-1.2434286","",""
"M20 6UH","SJ 84620 90894","384620","390894","53.414625","-2.2328564","",""
"DN1 1EW","SE 57547 03343","457547","403343","53.523612","-1.1334502","",""
"RH4 1RU","TQ 16733 49554","516733","149554","51.233241","-0.32940021","",""
"WR9 8HE","SO 89832 63319","389832","263319","52.267933","-2.1504198","",""
"DY1 1LQ","SO 94590 90441","394590","290441","52.511831","-2.0811448","",""
"G82 1PQ","NS 39484 75285","239484","675285","55.943721","-4.5717875","",""
"DG1 2RE","NX 97119 76193","297119","576193","55.069505","-3.612654","",""
"DD1 3JS","NO 40933 30701","340933","730701","56.464728","-2.9602003","",""
"KY12 7JB","NT 09369 87508","309369","687508","56.071779","-3.4574672","",""
"KY12 7AR","NT 08991 87470","308991","687470","56.071365","-3.4635241","",""
"LU5 4WL","TL 02368 22365","502368","222365","51.890449","-0.51389275","",""
"W5 5LS","TQ 17957 80803","517957","180803","51.513847","-0.30151485","",""
"EN4 8TD","TQ 27154 95365","527154","195365","51.642719","-0.16378019","",""
"NR19 1DZ","TF 98933 13177","598933","313177","52.679755","0.9413583","",""
"SW14 8AG","TQ 20537 75423","520537","175423","51.464951","-0.26618781","",""
"BN21 3BB","TV 61459 98957","561459","098957","50.767737","0.28825834","",""
"EH12 7SJ","NT 19928 72928","319928","672928","55.942701","-3.2835494","",""
"EH10 4AY","NT 24530 71492","324530","671492","55.930547","-3.2094871","",""
"EH8 9EH","NT 26196 72957","326196","672957","55.943966","-3.1832302","",""
"EH15 1EX","NT 30578 73852","330578","673852","55.95266","-3.1133174","",""
"EH8 9JD","NT 26330 72668","326330","672668","55.941391","-3.1810062","",""
"EH3 9NA","NT 24909 72791","324909","672791","55.942275","-3.2037846","",""
"IV30 1DW","NJ 21461 62847","321461","862847","57.648664","-3.317519","",""
"IV30 1BU","NJ 21741 62855","321741","862855","57.648785","-3.3128318","",""
"RM12 4SA","TQ 52590 85896","552590","185896","51.551323","0.19943579","",""
"SE9 1TS","TQ 43132 74453","543132","174453","51.450977","0.058480788","",""
"CB7 4LB","TL 54063 80341","554063","280341","52.399403","0.26302768","",""
"EN2 6LU","TQ 32838 96586","532838","196586","51.652379","-0.081220873","",""
"CM16 4BL","TL 45991 02169","545991","202169","51.699284","0.11110527","",""
"KT19 8DN","TQ 20872 60775","520872","160775","51.333231","-0.26635226","",""
"EX4 6RT","SX 92563 93051","292563","093051","50.727114","-3.5235488","",""
"EX8 1RW","SY 00149 81037","300149","081037","50.620463","-3.4128584","",""
"NR21 9BS","TF 91919 29653","591919","329653","52.830212","0.84737876","",""
"FK1 1JL","NS 88789 80019","288789","680019","56.00018","-3.7847896","",""
"TR11 3AB","SW 80765 32957","180765","032957","50.156035","-5.070538","",""
"ME13 7JB","TR 01482 61427","601482","161427","51.316266","0.889853","",""
"IP11 7DU","TM 30424 35075","630424","235075","51.966361","1.3529158","",""
"BH22 9JA","SU 07824 00431","407824","100431","50.803385","-1.8903378","",""
"N3 1XT","TQ 25416 90997","525416","190997","51.603855","-0.19044639","",""
"CT20 2BE","TR 22615 35787","622615","135787","51.0782","1.1767443","",""
"L37 4DU","SD 29795 07187","329795","407187","53.556591","-3.0612494","",""
"PH33 6EU","NN 10343 74070","210343","774070","56.819326","-5.1091322","",""
"AB43 9AH","NJ 99784 66990","399784","866990","57.692741","-2.005287","",""
"WA6 6QS","SJ 51836 77691","351836","377691","53.293977","-2.7240458","",""
"SW6 1NB","TQ 25098 77397","525098","177397","51.481703","-0.19986543","",""
"TD1 1RZ","NT 48964 36361","348964","636361","55.618146","-2.8118819","",""
"SL9 8EB","TQ 00357 88720","500357","188720","51.588406","-0.55279763","",""
"ME7 1AX","TQ 77230 68450","577230","168450","51.387418","0.54572906","",""
"G76 7XJ","NS 57333 57460","257333","657460","55.789324","-4.2768706","",""
"G1 3BZ","NS 59115 65205","259115","665205","55.859382","-4.252492","",""
"G2 3HQ","NS 58421 65889","258421","665889","55.865319","-4.2639276","",""
"G42 8YS","NS 58235 62673","258235","662673","55.836392","-4.2652162","",""
"BA6 9DX","ST 50050 38960","350050","138960","51.14771","-2.715479","",""
"SK13 8AL","SK 03416 94041","403416","394041","53.443129","-1.9500388","",""
"GL1 2RZ","SO 82398 19167","382398","219167","51.870795","-2.2570629","",""
"GU7 1AU","SU 97101 43837","497101","143837","51.185524","-0.6120401","",""
"NW11 8RR","TQ 25142 87352","525142","187352","51.571158","-0.19569894","",""
"DN14 5DE","SE 74513 23671","474513","423671","53.704162","-0.87273376","",""
"FK3 8BG","NS 92650 81959","292650","681959","56.018483","-3.7236884","",""
"NG31 6PH","SK 91443 35791","491443","335791","52.911775","-0.641645","",""
"DA11 0AB","TQ 64554 74172","564554","174172","51.442638","0.36637878","",""
"NR31 0LZ","TG 51419 06470","651419","306470","52.597805","1.711086","",""
"UB6 9PR","TQ 14368 82278","514368","182278","51.527841","-0.35273432","",""
"EH41 3EN","NT 51571 73888","351571","673888","55.955562","-2.7771792","",""
"B63 3BQ","SO 96681 83506","396681","283506","52.449502","-2.050263","",""
"W6 9JG","TQ 22955 78533","522955","178533","51.492382","-0.2303154","",""
"NW3 1QX","TQ 26455 85668","526455","185668","51.555732","-0.17736894","",""
"AL5 2RT","TL 13516 14209","513516","214209","51.814993","-0.35464495","",""
"HG1 1QQ","SE 30347 55387","430347","455387","53.993637","-1.5386094","",""
"HG1 1PU","SE 30205 55446","430205","455446","53.994176","-1.5407694","",""
"GU27 2HR","SU 90553 32762","490553","132762","51.087036","-0.70848413","",""
"PO9 1ER","SU 71606 06269","471606","106269","50.851516","-0.98416085","",""
"UB3 3EA","TQ 09949 79955","509949","179955","51.507839","-0.41713317","",""
"RH16 4LR","TQ 33161 23716","533161","123716","50.997439","-0.10376034","",""
"OX3 9AX","SP 54542 07098","454542","207098","51.75992","-1.211152","",""
"TN21 8HS","TQ 58128 21543","558128","121543","50.971601","0.25081714","",""
"G84 8SU","NS 29658 82302","229658","682302","56.003312","-4.7333683","",""
"HP1 1LF","TL 05572 07187","505572","207187","51.753436","-0.47197516","",""
"RG9 1UR","SU 76110 82571","476110","182571","51.536921","-0.90403909","",""
"CT6 5LA","TR 17788 68240","617788","168240","51.371432","1.1276466","",""
"CT6 5EB","TR 17919 68288","617919","168288","51.371813","1.1295551","",""
"NE46 1PH","NY 93794 63915","393794","563915","54.969815","-2.0984724","",""
"HP11 2DE","SU 86502 93086","486502","193086","51.629948","-0.75165586","",""
"N6 5HX","TQ 28445 87412","528445","187412","51.570956","-0.14804391","",""
"LE10 1DA","SP 42837 93949","442837","293949","52.541719","-1.3698073","",""
"SG5 1AT","TL 18434 29162","518434","229162","51.948354","-0.27820755","",""
"N7 6PN","TQ 30640 85871","530640","185871","51.556604","-0.11696241","",""
"RH12 1HL","TQ 17313 30479","517313","130479","51.061673","-0.32730605","",""
"RH12 1PB","TQ 17042 30593","517042","130593","51.062753","-0.33113465","",""
"TW3 1QL","TQ 14067 75753","514067","175753","51.469257","-0.35917877","",""
"HD1 2SX","SE 14496 16473","414496","416473","53.644568","-1.7821992","",""
"HU10 6RJ","TA 03934 29146","503934","429146","53.748333","-0.4253781","",""
"SK14 2QU","SJ 94937 94961","394937","394961","53.451384","-2.0777051","",""
"IG1 4NE","TQ 43606 86581","543606","186581","51.559835","0.07023146","",""
"LS29 9EG","SE 11638 47632","411638","447632","53.924694","-1.8242663","",""
"IV1 1QD","NH 66691 45329","266691","845329","57.478547","-4.2248987","",""
"AB51 3RY","NJ 77447 21614","377447","821614","57.284589","-2.3757487","",""
"IP4 1EB","TM 16461 44518","616461","244518","52.05674","1.1559606","",""
"IP1 3DX","TM 16048 44705","616048","244705","52.058579","1.1500645","",""
"KA12 8AG","NS 31796 38394","231796","638394","55.609989","-4.6719726","",""
"ME11 5AR","TQ 91889 71570","591889","171570","51.410676","0.75783928","",""
"N1 0PN","TQ 31523 83469","531523","183469","51.534813","-0.10512994","",""
"PA5 8DL","NS 42735 63147","242735","663147","55.835843","-4.5127341","",""
"TD5 7JD","NT 72793 33865","372793","633865","55.597641","-2.4333085","",""
"LA9 4LY","SD 51514 92761","351514","492761","54.328103","-2.747048","",""
"CV8 1HH","SP 28873 71500","428873","271500","52.340824","-1.5776294","",""
"W8 6BD","TQ 25273 79374","525273","179374","51.499432","-0.19664566","",""
"CA12 5JD","NY 26614 23495","326614","523495","54.601276","-3.1374894","",""
"NN16 8ST","SP 86640 78595","486640","278595","52.398523","-0.72805394","",""
"NW6 7HY","TQ 25091 84025","525091","184025","51.54127","-0.19761679","",""
"PE30 1AY","TF 61720 20236","561720","320236","52.755533","0.39492471","",""
"HG5 8AL","SE 35022 56985","435022","456985","54.007704","-1.4671219","",""
"WA16 6DX","SJ 75260 78649","375260","378649","53.304204","-2.372712","",""
"LA1 1HS","SD 47538 61727","347538","461727","54.048823","-2.8027552","",""
"KA30 8AL","NS 20252 59343","220252","659343","55.793856","-4.8687473","",""
"CV32 5DY","SP 31680 65946","431680","265946","52.29074","-1.5369511","",""
"KT22 7AW","TQ 16552 56474","516552","156474","51.295475","-0.32973843","",""
"LS18 4RJ","SE 23704 37948","423704","437948","53.837249","-1.6412768","",""
"LS1 6LB","SE 30181 33673","430181","433673","53.798492","-1.5432731","",""
"LS5 3BL","SE 26112 35681","426112","435681","53.816759","-1.6048774","",""
"ST13 5AB","SJ 98499 56490","398499","356490","53.105601","-2.0238733","",""
"LE1 5BN","SK 58847 04403","458847","304403","52.634196","-1.1319138","",""
"EH6 6AD","NT 26993 76016","326993","676016","55.971567","-3.1713024","",""
"ZE1 0LL","HU 47656 41494","447656","1141494","60.155155","-1.1434004","",""
"KY8 4NF","NO 38255 00716","338255","700716","56.195034","-2.9966085","",""
"BN7 2NH","TQ 41809 10230","541809","110230","50.874179","0.014155554","",""
"SE13 6AA","TQ 38286 75351","538286","175351","51.46025","-0.010863245","",""
"WS13 6JX","SK 11647 09495","411647","309495","52.683027","-1.8291507","",""
"LN2 1HW","SK 97566 71450","497566","371450","53.231137","-0.539825","",""
"EH49 7EQ","NT 00128 77098","300128","677098","55.976443","-3.6019737","",""
"GU30 7DR","SU 84049 30894","484049","130894","51.071231","-0.80175785","",""
"LE11 3ER","SK 53504 19634","453504","319634","52.771656","-1.2083806","",""
"IG10 1RB","TQ 42373 96539","542373","196539","51.649625","0.056496269","",""
"LN11 9PD","TF 32884 87369","532884","387369","53.366489","-0.0043739687","",""
"NR32 1HA","TM 54975 93138","654975","293138","52.476555","1.7532469","",""
"SY8 1AS","SO 51053 74596","351053","274596","52.367215","-2.7202928","",""
"FY8 5LW","SD 36502 27166","336502","427166","53.736996","-2.9641086","",""
"SK11 6NH","SJ 91723 73477","391723","373477","53.258231","-2.1255312","",""
"SL6 1JX","SU 88717 81156","488717","181156","51.522363","-0.72267242","",""
"ME15 6HR","TQ 76144 55714","576144","155714","51.273349","0.52384568","",""
"CM9 5PN","TL 84976 07015","584976","207015","51.731325","0.67719936","",""
"SN16 9AA","ST 93299 87136","393299","187136","51.583041","-2.0981066","",""
"PE15 8TW","TL 41729 96817","541729","296817","52.550753","0.088875118","",""
"TF9 1QF","SJ 67528 34185","367528","334185","52.904112","-2.4842231","",""
"LE16 9BZ","SP 73111 87147","473111","287147","52.477364","-0.92498307","",""
"SN8 1LT","SU 18660 69013","418660","169013","51.419827","-1.7330407","",""
"SL7 1AQ","SU 85011 86347","485011","186347","51.569596","-0.77482285","",""
"SK6 7AA","SJ 95867 88517","395867","388517","53.39347","-2.0636144","",""
"W1U 4PQ","TQ 28348 81704","528348","181704","51.519682","-0.15152281","",""
"LE13 0PU","SK 75197 19164","475197","319164","52.764852","-0.88700186","",""
"B74 2UG","SP 11668 98683","411668","298683","52.58583","-1.8292183","",""
"CF47 8EG","SO 04896 06044","304896","206044","51.744996","-3.3789131","",""
"CW10 9AG","SJ 70241 66291","370241","366291","53.192865","-2.4468657","",""
"GU29 9DH","SU 88616 21674","488616","121674","50.987657","-0.73884153","",""
"NW7 3DA","TQ 21423 92106","521423","192106","51.614696","-0.24769025","",""
"G62 6BL","NS 55290 74373","255290","674373","55.940554","-4.3184553","",""
"TA24 5UF","SS 96819 46184","296819","146184","51.205516","-3.4783594","",""
"CR4 3NA","TQ 27772 68979","527772","168979","51.405454","-0.1644144","",""
"NP25 3DY","SO 50752 12854","350752","212854","51.812137","-2.7157726","",""
"DD10 8JB","NO 71403 57796","371403","757796","56.710977","-2.4687354","",""
"LS17 6PY","SE 30806 38688","430806","438688","53.843529","-1.5332844","",""
"LA4 5DF","SD 43438 64374","343438","464374","54.072176","-2.8658625","",""
"CH46 6AD","SJ 26084 89953","326084","389953","53.401203","-3.1131948","",""
"NE61 1NL","NZ 19967 85908","419967","585908","55.167087","-1.6881075","",""
"EH21 7EA","NT 34509 72660","334509","672660","55.942504","-3.0500877","",""
"N10 3RS","TQ 28712 89616","528712","189616","51.590701","-0.14338641","",""
"N10 3HA","TQ 28615 89519","528615","189519","51.589852","-0.14482137","",""
"CW5 5AS","SJ 65074 52330","365074","352330","53.06706","-2.5226724","",""
"SA11 3NA","SS 75370 97724","275370","197724","51.664432","-3.8033972","",""
"KT3 4BP","TQ 21405 68273","521405","168273","51.400506","-0.25614719","",""
"BH25 6LE","SZ 24390 94943","424390","094943","50.753577","-1.6556171","",""
"NG24 1AW","SK 79712 53876","479712","353876","53.076175","-0.81159356","",""
"RG14 5AA","SU 47147 67079","447147","167079","51.40079","-1.3236485","",""
"ST5 1RF","SJ 84853 46080","384853","346080","53.011809","-2.2272073","",""
"ST5 2AE","SJ 84832 46125","384832","346125","53.012213","-2.2275224","",""
"NE1 5JE","NZ 24672 64083","424672","564083","54.97076","-1.6161327","",""
"CB8 8LX","TL 64540 63492","564540","263492","52.245015","0.40864189","",""
"TQ12 2DT","SX 85908 71241","285908","071241","50.529788","-3.6110823","",""
"TQ12 2EF","SX 86059 71315","286059","071315","50.530483","-3.6089753","",""
"SY16 2PQ","SO 10883 91531","310883","291531","52.514353","-3.3146503","",""
"SW16 4BZ","TQ 30684 69583","530684","169583","51.410219","-0.1223502","",""
"EH39 4HD","NT 55183 85248","355183","685248","56.057971","-2.7212369","",""
"N12 8JY","TQ 26314 92284","526314","192284","51.61522","-0.17702344","",""
"DL7 8PE","SE 36938 93659","436938","493659","54.337159","-1.4334046","",""
"DL7 8LW","SE 36813 94027","436813","494027","54.340475","-1.4352817","",""
"NN1 2LU","SP 75379 60655","475379","260655","52.238933","-0.89753801","",""
"NN1 2EA","SP 75417 60633","475417","260633","52.238731","-0.89698653","",""
"CW9 5DE","SJ 65833 74015","365833","374015","53.262026","-2.5136691","",""
"HA6 2QB","TQ 09057 91504","509057","191504","51.611814","-0.42640222","",""
"NR2 1HL","TG 23155 08671","623155","308671","52.629891","1.296015","",""
"NG1 6BS","SK 57136 39810","457136","339810","52.952635","-1.1510205","",""
"CV11 4AD","SP 36380 91750","436380","291750","52.52242","-1.4652497","",""
"LE15 6DT","SK 86148 08791","486148","308791","52.669993","-0.72746206","",""
"PA34 5NR","NM 85860 30246","185860","730246","56.415725","-5.4731728","",""
"OL1 1JA","SD 92621 05023","392621","405023","53.541797","-2.1128195","",""
"L39 2EG","SD 41441 08309","341441","408309","53.568105","-2.8856835","",""
"BR6 0NZ","TQ 46237 66199","546237","166199","51.376018","0.099732799","",""
"LS21 3HJ","SE 20212 45448","420212","445448","53.904803","-1.6938489","",""
"RH8 0AX","TQ 39456 52834","539456","152834","51.257621","-0.0028537731","",""
"TN12 6EN","TQ 67058 45105","567058","145105","51.180771","0.38877084","",""
"TQ4 5BL","SX 88829 60866","288829","060866","50.437083","-3.5667985","",""
"PA1 1YL","NS 48344 63725","248344","663725","55.842827","-4.4235858","",""
"PA1 2AB","NS 45485 64148","245485","664148","55.845717","-4.4694389","",""
"N13 4JG","TQ 31112 92863","531112","192863","51.619327","-0.10754869","",""
"G11 6SE","NS 55462 66617","255462","666617","55.870976","-4.3115564","",""
"EH45 8SW","NT 25108 40427","325108","640427","55.65158","-3.1916853","",""
"PE1 2SY","TL 19157 98875","519157","298875","52.574649","-0.24310567","",""
"AB42 1ZP","NK 13225 46160","413225","846160","57.505449","-1.7809565","",""
"GU32 3DT","SU 74595 23351","474595","123351","51.00472","-0.9382178","",""
"GU32 3JT","SU 74756 23224","474756","123224","51.003557","-0.93594971","",""
"PH16 5BL","NN 93957 58164","293957","758164","56.703103","-3.7335236","",""
"PL4 6JJ","SX 48398 55899","248398","055899","50.383389","-4.1337525","",""
"SA13 1NR","SS 76594 90005","276594","190005","51.595333","-3.7829862","",""
"W11 2ED","TQ 24643 81150","524643","181150","51.515532","-0.20508983","",""
"PO1 1EA","SU 64305 00645","464305","100645","50.801805","-1.0888459","",""
"EN6 1AE","TL 25092 01497","525092","201497","51.698288","-0.19137025","",""
"CR8 2LP","TQ 31291 61686","531291","161686","51.33911","-0.11654249","",""
"SW15 1SU","TQ 24014 75187","524014","175187","51.46208","-0.21624271","",""
"NG12 2FD","SK 64629 39193","464629","339193","52.94624","-1.0396317","",""
"CT11 9DH","TR 37992 64801","637992","164801","51.332465","1.4150957","",""
"BB4 8DY","SD 81277 22952","381277","422952","53.70266","-2.2850833","",""
"SS6 7EW","TQ 80712 90798","580712","190798","51.587055","0.60714636","",""
"RG1 2AF","SU 71334 73470","471334","173470","51.455725","-0.97472413","",""
"RG1 1HE","SU 71588 73552","471588","173552","51.45643","-0.97105252","",""
"TS10 3DU","NZ 60284 25201","460284","525201","54.618369","-1.0679693","",""
"RM3 0HU","TQ 55282 91005","555282","191005","51.596491","0.24048769","",""
"SO51 8BU","SU 35168 21328","435168","121328","50.990283","-1.5003061","",""
"HR9 5NU","SO 59974 24126","359974","224126","51.914216","-2.5833207","",""
"S65 1AL","SK 42966 93102","442966","393102","53.432958","-1.3547645","",""
"S60 1TG","SK 43563 94351","443563","394351","53.444135","-1.3456071","",""
"PA20 0HW","NS 08676 64687","208676","664687","55.83736","-5.0568713","",""
"B72 1PL","SP 12016 95969","412016","295969","52.561424","-1.8241795","",""
"CV21 3BX","SP 50248 75117","450248","275117","52.371802","-1.263372","",""
"HA4 8JB","TQ 09311 87317","509311","187317","51.574132","-0.42403836","",""
"NN10 0PW","SP 95772 66692","495772","266692","52.290026","-0.59726981","",""
"BN16 3DR","TQ 05252 02245","505252","102245","50.810206","-0.50749793","",""
"PO33 2LF","SZ 59180 92656","459180","092656","50.730516","-1.1628462","",""
"CB10 1HE","TL 53838 38478","553838","238478","52.023393","0.24071497","",""
"TN13 1UX","TQ 53036 54882","553036","154882","51.272543","0.1924895","",""
"SP7 8JG","ST 86274 22985","386274","122985","51.006084","-2.1970061","",""
"G41 3YG","NS 57297 62077","257297","662077","55.830764","-4.2798673","",""
"S11 8PG","SK 33873 86021","433873","386021","53.369973","-1.4923786","",""
"NG5 2FS","SK 57444 43014","457444","343014","52.9814","-1.1458694","",""
"BD18 3QJ","SE 14719 37471","414719","437471","53.833292","-1.7778341","",""
"B90 3BQ","SP 11771 79504","411771","279504","52.413411","-1.8283698","",""
"BN43 5ZE","TQ 21607 05047","521607","105047","50.832192","-0.27454376","",""
"CH5 1BY","SJ 30572 68948","330572","368948","53.213037","-3.041102","",""
"SY1 1SP","SJ 49238 12439","349238","312439","52.707224","-2.7527443","",""
"DA14 6DS","TQ 46227 71783","546227","171783","51.426196","0.10188853","",""
"EX10 8AL","SY 12687 87408","312687","087408","50.679757","-3.2371719","",""
"BD23 1DA","SD 98971 51563","398971","451563","53.960152","-2.0171706","",""
"NG34 7SY","TF 06870 45678","506870","345678","52.997774","-0.40907032","",""
"SL1 1PD","SU 97878 79676","497878","179676","51.507548","-0.59108197","",""
"B91 3SX","SP 15251 79381","415251","279381","52.41222","-1.7772131","",""
"HA2 8EE","TQ 14059 86189","514059","186189","51.563055","-0.35592025","",""
"E18 1AN","TQ 40477 90151","540477","190151","51.592701","0.026550469","",""
"SO14 3HE","SU 42060 11552","442060","111552","50.901918","-1.4032414","",""
"SO16 4EY","SU 39827 13972","439827","113972","50.923836","-1.4347314","",""
"SS1 2LZ","TQ 88442 85833","588442","185833","51.539933","0.71593558","",""
"N14 5PH","TQ 29452 94401","529452","194401","51.633532","-0.1309448","",""
"PR9 0BB","SD 33889 17629","333889","417629","53.650964","-3.0016778","",""
"PO5 3QQ","SZ 64398 98890","464398","098890","50.786015","-1.0878335","",""
"BN42 4FP","TQ 24294 05323","524294","105323","50.834103","-0.23631384","",""
"PE11 1SG","TF 24711 22722","524711","322722","52.787671","-0.15217172","",""
"AL3 4ED","TL 14658 07088","514658","207088","51.750762","-0.34043566","",""
"KY16 9UN","NO 50802 16633","350802","716633","56.339488","-2.7974082","",""
"WA10 1QF","SJ 50934 95465","350934","395465","53.453644","-2.7403431","",""
"TR26 1RR","SW 51752 40506","151752","040506","50.212363","-5.4808877","",""
"NW8 7NJ","TQ 26982 83170","526982","183170","51.533165","-0.17067206","",""
"PE19 2AR","TL 18193 60268","518193","260268","52.227939","-0.27094043","",""
"SK15 1RR","SJ 96237 98304","396237","398304","53.481443","-2.0581711","",""
"PE9 2BE","TF 03235 07310","503235","307310","52.653703","-0.47532862","",""
"HA7 4DW","TQ 17070 92348","517070","192348","51.617792","-0.31044966","",""
"SG1 1XW","TL 23797 23526","523797","223526","51.89654","-0.20224183","",""
"BN44 3RD","TQ 17549 11321","517549","111321","50.889424","-0.33012774","",""
"FK8 1DQ","NS 79683 93430","279683","693430","56.118405","-3.936739","",""
"SK7 4HH","SJ 91919 87138","391919","387138","53.381028","-2.1229464","",""
"SK1 1SE","SJ 89461 90650","389461","390650","53.412552","-2.1600161","",""
"SK1 1UD","SJ 89631 90663","389631","390663","53.412672","-2.157459","",""
"PL3 4DH","SX 46141 55734","246141","055734","50.38132","-4.1654075","",""
"TS9 5DQ","NZ 52408 08605","452408","508605","54.470115","-1.1928691","",""
"ST15 8AW","SJ 90229 33839","390229","333839","52.901899","-2.1467077","",""
"IP14 1AB","TM 04972 58552","604972","258552","52.187106","0.99707896","",""
"DG9 7JE","NX 06031 60807","206031","560807","54.904214","-5.0269699","",""
"CO10 2EA","TL 87356 41326","587356","241326","52.038673","0.7302388","",""
"SR4 6TY","NZ 37318 57814","437318","557814","54.913645","-1.419412","",""
"SL5 0DU","SU 95533 66857","495533","166857","51.39272","-0.62831735","",""
"KT6 4JZ","TQ 17928 67309","517928","167309","51.392575","-0.30642653","",""
"SM1 1JQ","TQ 25842 64294","525842","164294","51.36378","-0.1938055","",""
"DE11 9DA","SK 29870 19672","429870","319672","52.773817","-1.5586747","",""
"SA1 3EH","SS 65338 93048","265338","193048","51.620097","-3.94656","",""
"SA5 4BA","SS 62621 96535","262621","196535","51.650774","-3.9871508","",""
"SN1 1SD","SU 14984 84538","414984","184538","51.559527","-1.7852506","",""
"SE26 5UA","TQ 35655 71493","535655","171493","51.426217","-0.050188054","",""
"B79 7LR","SK 20659 03957","420659","303957","52.632976","-1.6961892","",""
"TA1 1LH","ST 22686 24629","322686","124629","51.01582","-3.1035477","",""
"TW11 8QZ","TQ 15617 70994","515617","170994","51.42617","-0.33842692","",""
"SA70 7AD","SN 13515 00426","213515","200426","51.671572","-4.6982971","",""
"TN30 6BN","TQ 88499 33362","588499","133362","51.068633","0.68905663","",""
"OX9 3BH","SP 70748 05956","470748","205956","51.747844","-0.9766139","",""
"YO7 1LH","SE 43008 82047","443008","482047","54.232332","-1.3417207","",""
"KW14 8AG","ND 11811 68476","311811","968476","58.595271","-3.5189778","",""
"EX16 6AA","SS 95578 12611","295578","112611","50.903499","-3.4864203","",""
"TQ9 5DA","SX 80507 60379","280507","060379","50.431069","-3.6837766","",""
"KA10 6AA","NS 32064 31068","232064","631068","55.544327","-4.6632652","",""
"TR1 2SQ","SW 82410 44843","182410","044843","50.263386","-5.0543562","",""
"TN1 1PX","TQ 58438 39509","558438","139509","51.132943","0.26308578","",""
"TW1 4BZ","TQ 16081 73161","516081","173161","51.445552","-0.33104641","",""
"TN22 1PX","TQ 47287 21080","547287","121080","50.970312","0.096337844","",""
"LA12 7DY","SD 28590 78381","328590","478381","54.196193","-3.0960447","",""
"RM14 2AT","TQ 56034 86513","556034","186513","51.555926","0.24934192","",""
"M41 9JN","SJ 76647 94567","376647","394567","53.447345","-2.3530812","",""
"OX10 0AD","SU 60691 89373","460691","189373","51.599938","-1.1251463","",""
"WD17 2BP","TQ 11034 96377","511034","196377","51.655225","-0.39631853","",""
"DA16 3PU","TQ 46390 75879","546390","175879","51.462958","0.10592407","",""
"TF1 1LU","SJ 65162 11570","365162","311570","52.700675","-2.5169804","",""
"BA5 2SG","ST 54917 45742","354917","145742","51.209095","-2.646757","",""
"NG2 5GR","SK 58768 37532","458768","337532","52.931983","-1.1271445","",""
"B70 7QZ","SP 00633 91103","400633","291103","52.51781","-1.9921017","",""
"W13 0SU","TQ 16528 80417","516528","180417","51.510674","-0.32222606","",""
"NW6 1UR","TQ 25510 85104","525510","185104","51.550874","-0.19119365","",""
"CH48 0QA","SJ 21225 86870","321225","386870","53.372794","-3.1854895","",""
"BR4 0NH","TQ 38060 66019","538060","166019","51.376446","-0.017745751","",""
"LS22 6LQ","SE 40343 48150","440343","448150","53.927916","-1.3871041","",""
"KT13 8BL","TQ 07505 64970","507505","164970","51.373619","-0.45688077","",""
"DT4 8PN","SY 67976 78940","367976","078940","50.609289","-2.4539378","",""
"YO21 1BL","NZ 89808 10950","489808","510950","54.485955","-0.61523393","",""
"SY13 1AR","SJ 54173 41507","354173","341507","52.968951","-2.6838027","",""
"CT5 1BQ","TR 10628 66639","610628","166639","51.359756","1.0239853","",""
"TW2 7LD","TQ 14219 73695","514219","173695","51.450729","-0.35765548","",""
"KW1 4NG","ND 36297 50969","336297","950969","58.442355","-3.0929089","",""
"LE18 1AD","SP 60755 99012","460755","299012","52.585529","-1.1047136","",""
"NG2 7RS","SK 57066 36031","457066","336031","52.918675","-1.1527257","",""
"WV13 1TQ","SO 96319 98560","396319","298560","52.584834","-2.0557613","",""
"SK9 1AA","SJ 84703 81252","384703","381252","53.32796","-2.2311375","",""
"SK9 5AE","SJ 84525 81016","384525","381016","53.325834","-2.2337984","",""
"SW19 1RQ","TQ 25060 70530","525060","170530","51.419997","-0.2028374","",""
"SO23 8AJ","SU 48106 29505","448106","129505","51.062874","-1.3148973","",""
"SL4 1DH","SU 96502 76691","496502","176691","51.480953","-0.61171752","",""
"PE14 0SW","TF 45498 08440","545498","308440","52.654174","0.14952776","",""
"ML2 7AF","NS 79668 55067","279668","655067","55.773914","-3.9198527","",""
"M20 3BG","SJ 84899 93037","384899","393037","53.433896","-2.2287624","",""
"RG40 1AL","SU 81160 68546","481160","168546","51.410139","-0.83446094","",""
"WV1 3JX","SO 91535 98641","391535","298641","52.585508","-2.1263713","",""
"N22 6BH","TQ 31404 89730","531404","189730","51.591105","-0.10450633","",""
"IP12 1AG","TM 27311 48991","627311","248991","52.092547","1.3169196","",""
"WR1 3PZ","SO 84945 55023","384945","255023","52.193237","-2.22166","",""
"CA14 2AG","NY 00258 28753","300258","528753","54.64399","-3.5471141","",""
"S80 1EY","SK 58355 78897","458355","378897","53.303815","-1.1257801","",""
"BS37 4AU","ST 71462 82397","371462","182397","51.539745","-2.4128751","",""
"BA20 1LY","ST 55800 15939","355800","115939","50.941188","-2.6304638","",""
"YO1 9ND","SE 60234 51819","460234","451819","53.95896","-1.0834979","",""
